Service Date,Report Time,Service Week,Proterra Bus Low Charge,Total Proterra Buses,Low Charge Buses %
2023-07-28,AM Service Delivery (7 AM-9 AM),Friday,8.0,15,0.5333333333333333
2023-07-28,AM Service Delivery (7 AM-9 AM),Friday,8.0,15,0.5333333333333333
2023-07-28,AM Service Delivery (7 AM-9 AM),Friday,8.0,15,0.5333333333333333
2023-07-28,AM Service Delivery (7 AM-9 AM),Friday,8.0,15,0.5333333333333333
2023-07-28,AM Service Delivery (7 AM-9 AM),Friday,8.0,15,0.5333333333333333
2023-07-28,AM Service Delivery (7 AM-9 AM),Friday,8.0,15,0.5333333333333333
2023-07-28,Night Service Delivery (9 PM onwards),Friday,4.0,15,0.26666666666666666
2023-07-28,Night Service Delivery (9 PM onwards),Friday,4.0,15,0.26666666666666666
2023-07-28,Night Service Delivery (9 PM onwards),Friday,4.0,15,0.26666666666666666
2023-07-28,Night Service Delivery (9 PM onwards),Friday,4.0,15,0.26666666666666666
2023-07-28,Night Service Delivery (9 PM onwards),Friday,4.0,15,0.26666666666666666
2023-07-28,Night Service Delivery (9 PM onwards),Friday,4.0,15,0.26666666666666666
2023-07-28,PM Service Delivery (3 PM-5 PM),Friday,5.0,15,0.3333333333333333
2023-07-28,PM Service Delivery (3 PM-5 PM),Friday,5.0,15,0.3333333333333333
2023-07-28,PM Service Delivery (3 PM-5 PM),Friday,5.0,15,0.3333333333333333
2023-07-28,PM Service Delivery (3 PM-5 PM),Friday,5.0,15,0.3333333333333333
2023-07-28,PM Service Delivery (3 PM-5 PM),Friday,5.0,15,0.3333333333333333
2023-07-28,PM Service Delivery (3 PM-5 PM),Friday,5.0,15,0.3333333333333333
2023-07-28,Pull-out AM (6 AM-7 AM),Friday,4.0,15,0.26666666666666666
2023-07-28,Pull-out AM (6 AM-7 AM),Friday,4.0,15,0.26666666666666666
2023-07-28,Pull-out AM (6 AM-7 AM),Friday,4.0,15,0.26666666666666666
2023-07-28,Pull-out AM (6 AM-7 AM),Friday,4.0,15,0.26666666666666666
2023-07-28,Pull-out AM (6 AM-7 AM),Friday,4.0,15,0.26666666666666666
2023-07-28,Pull-out AM (6 AM-7 AM),Friday,4.0,15,0.26666666666666666
2023-07-29,AM Service Delivery (7 AM-9 AM),Saturday,2.0,15,0.13333333333333333
2023-07-29,AM Service Delivery (7 AM-9 AM),Saturday,2.0,15,0.13333333333333333
2023-07-29,AM Service Delivery (7 AM-9 AM),Saturday,2.0,15,0.13333333333333333
2023-07-29,AM Service Delivery (7 AM-9 AM),Saturday,2.0,15,0.13333333333333333
2023-07-29,AM Service Delivery (7 AM-9 AM),Saturday,2.0,15,0.13333333333333333
2023-07-29,AM Service Delivery (7 AM-9 AM),Saturday,2.0,15,0.13333333333333333
2023-07-29,Night Service Delivery (9 PM onwards),Saturday,0.0,15,0.0
2023-07-29,Night Service Delivery (9 PM onwards),Saturday,0.0,15,0.0
2023-07-29,Night Service Delivery (9 PM onwards),Saturday,0.0,15,0.0
2023-07-29,Night Service Delivery (9 PM onwards),Saturday,0.0,15,0.0
2023-07-29,Night Service Delivery (9 PM onwards),Saturday,0.0,15,0.0
2023-07-29,Night Service Delivery (9 PM onwards),Saturday,0.0,15,0.0
2023-07-29,PM Service Delivery (3 PM-5 PM),Saturday,4.0,15,0.26666666666666666
2023-07-29,PM Service Delivery (3 PM-5 PM),Saturday,4.0,15,0.26666666666666666
2023-07-29,PM Service Delivery (3 PM-5 PM),Saturday,4.0,15,0.26666666666666666
2023-07-29,PM Service Delivery (3 PM-5 PM),Saturday,4.0,15,0.26666666666666666
2023-07-29,PM Service Delivery (3 PM-5 PM),Saturday,4.0,15,0.26666666666666666
2023-07-29,PM Service Delivery (3 PM-5 PM),Saturday,4.0,15,0.26666666666666666
2023-07-29,Pull-out AM (6 AM-7 AM),Saturday,8.0,15,0.5333333333333333
2023-07-29,Pull-out AM (6 AM-7 AM),Saturday,8.0,15,0.5333333333333333
2023-07-29,Pull-out AM (6 AM-7 AM),Saturday,8.0,15,0.5333333333333333
2023-07-29,Pull-out AM (6 AM-7 AM),Saturday,8.0,15,0.5333333333333333
2023-07-29,Pull-out AM (6 AM-7 AM),Saturday,8.0,15,0.5333333333333333
2023-07-29,Pull-out AM (6 AM-7 AM),Saturday,8.0,15,0.5333333333333333
2023-07-30,AM Service Delivery (7 AM-9 AM),Sunday,0.0,15,0.0
2023-07-30,AM Service Delivery (7 AM-9 AM),Sunday,0.0,15,0.0
2023-07-30,AM Service Delivery (7 AM-9 AM),Sunday,0.0,15,0.0
2023-07-30,AM Service Delivery (7 AM-9 AM),Sunday,0.0,15,0.0
2023-07-30,AM Service Delivery (7 AM-9 AM),Sunday,0.0,15,0.0
2023-07-30,AM Service Delivery (7 AM-9 AM),Sunday,0.0,15,0.0
2023-07-30,Night Service Delivery (9 PM onwards),Sunday,0.0,15,0.0
2023-07-30,Night Service Delivery (9 PM onwards),Sunday,0.0,15,0.0
2023-07-30,Night Service Delivery (9 PM onwards),Sunday,0.0,15,0.0
2023-07-30,Night Service Delivery (9 PM onwards),Sunday,0.0,15,0.0
2023-07-30,Night Service Delivery (9 PM onwards),Sunday,0.0,15,0.0
2023-07-30,Night Service Delivery (9 PM onwards),Sunday,0.0,15,0.0
2023-07-30,PM Service Delivery (3 PM-5 PM),Sunday,0.0,15,0.0
2023-07-30,PM Service Delivery (3 PM-5 PM),Sunday,0.0,15,0.0
2023-07-30,PM Service Delivery (3 PM-5 PM),Sunday,0.0,15,0.0
2023-07-30,PM Service Delivery (3 PM-5 PM),Sunday,0.0,15,0.0
2023-07-30,PM Service Delivery (3 PM-5 PM),Sunday,0.0,15,0.0
2023-07-30,PM Service Delivery (3 PM-5 PM),Sunday,0.0,15,0.0
2023-07-30,Pull-out AM (6 AM-7 AM),Sunday,3.0,15,0.2
2023-07-30,Pull-out AM (6 AM-7 AM),Sunday,3.0,15,0.2
2023-07-30,Pull-out AM (6 AM-7 AM),Sunday,3.0,15,0.2
2023-07-30,Pull-out AM (6 AM-7 AM),Sunday,3.0,15,0.2
2023-07-30,Pull-out AM (6 AM-7 AM),Sunday,3.0,15,0.2
2023-07-30,Pull-out AM (6 AM-7 AM),Sunday,3.0,15,0.2
2023-07-31,AM Service Delivery (7 AM-9 AM),Monday-Thursday,3.0,15,0.2
2023-07-31,AM Service Delivery (7 AM-9 AM),Monday-Thursday,3.0,15,0.2
2023-07-31,AM Service Delivery (7 AM-9 AM),Monday-Thursday,3.0,15,0.2
2023-07-31,AM Service Delivery (7 AM-9 AM),Monday-Thursday,3.0,15,0.2
2023-07-31,AM Service Delivery (7 AM-9 AM),Monday-Thursday,3.0,15,0.2
2023-07-31,AM Service Delivery (7 AM-9 AM),Monday-Thursday,3.0,15,0.2
2023-07-31,Night Service Delivery (9 PM onwards),Monday-Thursday,3.0,15,0.2
2023-07-31,Night Service Delivery (9 PM onwards),Monday-Thursday,3.0,15,0.2
2023-07-31,Night Service Delivery (9 PM onwards),Monday-Thursday,3.0,15,0.2
2023-07-31,Night Service Delivery (9 PM onwards),Monday-Thursday,3.0,15,0.2
2023-07-31,Night Service Delivery (9 PM onwards),Monday-Thursday,3.0,15,0.2
2023-07-31,Night Service Delivery (9 PM onwards),Monday-Thursday,3.0,15,0.2
2023-07-31,PM Service Delivery (3 PM-5 PM),Monday-Thursday,3.0,15,0.2
2023-07-31,PM Service Delivery (3 PM-5 PM),Monday-Thursday,3.0,15,0.2
2023-07-31,PM Service Delivery (3 PM-5 PM),Monday-Thursday,3.0,15,0.2
2023-07-31,PM Service Delivery (3 PM-5 PM),Monday-Thursday,3.0,15,0.2
2023-07-31,PM Service Delivery (3 PM-5 PM),Monday-Thursday,3.0,15,0.2
2023-07-31,PM Service Delivery (3 PM-5 PM),Monday-Thursday,3.0,15,0.2
2023-07-31,Pull-out AM (6 AM-7 AM),Monday-Thursday,5.0,15,0.3333333333333333
2023-07-31,Pull-out AM (6 AM-7 AM),Monday-Thursday,5.0,15,0.3333333333333333
2023-07-31,Pull-out AM (6 AM-7 AM),Monday-Thursday,5.0,15,0.3333333333333333
2023-07-31,Pull-out AM (6 AM-7 AM),Monday-Thursday,5.0,15,0.3333333333333333
2023-07-31,Pull-out AM (6 AM-7 AM),Monday-Thursday,5.0,15,0.3333333333333333
2023-07-31,Pull-out AM (6 AM-7 AM),Monday-Thursday,5.0,15,0.3333333333333333
2023-08-01,AM Service Delivery (7 AM-9 AM),Monday-Thursday,0.0,15,0.0
2023-08-01,AM Service Delivery (7 AM-9 AM),Monday-Thursday,0.0,15,0.0
2023-08-01,AM Service Delivery (7 AM-9 AM),Monday-Thursday,0.0,15,0.0
2023-08-01,AM Service Delivery (7 AM-9 AM),Monday-Thursday,0.0,15,0.0
2023-08-01,AM Service Delivery (7 AM-9 AM),Monday-Thursday,0.0,15,0.0
2023-08-01,AM Service Delivery (7 AM-9 AM),Monday-Thursday,0.0,15,0.0
2023-08-01,Night Service Delivery (9 PM onwards),Monday-Thursday,2.0,15,0.13333333333333333
2023-08-01,Night Service Delivery (9 PM onwards),Monday-Thursday,2.0,15,0.13333333333333333
2023-08-01,Night Service Delivery (9 PM onwards),Monday-Thursday,2.0,15,0.13333333333333333
2023-08-01,Night Service Delivery (9 PM onwards),Monday-Thursday,2.0,15,0.13333333333333333
2023-08-01,Night Service Delivery (9 PM onwards),Monday-Thursday,2.0,15,0.13333333333333333
2023-08-01,Night Service Delivery (9 PM onwards),Monday-Thursday,2.0,15,0.13333333333333333
2023-08-01,PM Service Delivery (3 PM-5 PM),Monday-Thursday,1.0,15,0.06666666666666667
2023-08-01,PM Service Delivery (3 PM-5 PM),Monday-Thursday,1.0,15,0.06666666666666667
2023-08-01,PM Service Delivery (3 PM-5 PM),Monday-Thursday,1.0,15,0.06666666666666667
2023-08-01,PM Service Delivery (3 PM-5 PM),Monday-Thursday,1.0,15,0.06666666666666667
2023-08-01,PM Service Delivery (3 PM-5 PM),Monday-Thursday,1.0,15,0.06666666666666667
2023-08-01,PM Service Delivery (3 PM-5 PM),Monday-Thursday,1.0,15,0.06666666666666667
2023-08-01,Pull-out AM (6 AM-7 AM),Monday-Thursday,3.0,15,0.2
2023-08-01,Pull-out AM (6 AM-7 AM),Monday-Thursday,3.0,15,0.2
2023-08-01,Pull-out AM (6 AM-7 AM),Monday-Thursday,3.0,15,0.2
2023-08-01,Pull-out AM (6 AM-7 AM),Monday-Thursday,3.0,15,0.2
2023-08-01,Pull-out AM (6 AM-7 AM),Monday-Thursday,3.0,15,0.2
2023-08-01,Pull-out AM (6 AM-7 AM),Monday-Thursday,3.0,15,0.2
2023-08-02,AM Service Delivery (7 AM-9 AM),Monday-Thursday,1.0,15,0.06666666666666667
2023-08-02,AM Service Delivery (7 AM-9 AM),Monday-Thursday,1.0,15,0.06666666666666667
2023-08-02,AM Service Delivery (7 AM-9 AM),Monday-Thursday,1.0,15,0.06666666666666667
2023-08-02,AM Service Delivery (7 AM-9 AM),Monday-Thursday,1.0,15,0.06666666666666667
2023-08-02,AM Service Delivery (7 AM-9 AM),Monday-Thursday,1.0,15,0.06666666666666667
2023-08-02,AM Service Delivery (7 AM-9 AM),Monday-Thursday,1.0,15,0.06666666666666667
2023-08-02,Night Service Delivery (9 PM onwards),Monday-Thursday,5.0,15,0.3333333333333333
2023-08-02,Night Service Delivery (9 PM onwards),Monday-Thursday,5.0,15,0.3333333333333333
2023-08-02,Night Service Delivery (9 PM onwards),Monday-Thursday,5.0,15,0.3333333333333333
2023-08-02,Night Service Delivery (9 PM onwards),Monday-Thursday,5.0,15,0.3333333333333333
2023-08-02,Night Service Delivery (9 PM onwards),Monday-Thursday,5.0,15,0.3333333333333333
2023-08-02,Night Service Delivery (9 PM onwards),Monday-Thursday,5.0,15,0.3333333333333333
2023-08-02,PM Service Delivery (3 PM-5 PM),Monday-Thursday,0.0,15,0.0
2023-08-02,PM Service Delivery (3 PM-5 PM),Monday-Thursday,0.0,15,0.0
2023-08-02,PM Service Delivery (3 PM-5 PM),Monday-Thursday,0.0,15,0.0
2023-08-02,PM Service Delivery (3 PM-5 PM),Monday-Thursday,0.0,15,0.0
2023-08-02,PM Service Delivery (3 PM-5 PM),Monday-Thursday,0.0,15,0.0
2023-08-02,PM Service Delivery (3 PM-5 PM),Monday-Thursday,0.0,15,0.0
2023-08-02,Pull-out AM (6 AM-7 AM),Monday-Thursday,8.0,15,0.5333333333333333
2023-08-02,Pull-out AM (6 AM-7 AM),Monday-Thursday,8.0,15,0.5333333333333333
2023-08-02,Pull-out AM (6 AM-7 AM),Monday-Thursday,8.0,15,0.5333333333333333
2023-08-02,Pull-out AM (6 AM-7 AM),Monday-Thursday,8.0,15,0.5333333333333333
2023-08-02,Pull-out AM (6 AM-7 AM),Monday-Thursday,8.0,15,0.5333333333333333
2023-08-02,Pull-out AM (6 AM-7 AM),Monday-Thursday,8.0,15,0.5333333333333333
2023-08-03,AM Service Delivery (7 AM-9 AM),Monday-Thursday,5.0,15,0.3333333333333333
2023-08-03,AM Service Delivery (7 AM-9 AM),Monday-Thursday,5.0,15,0.3333333333333333
2023-08-03,AM Service Delivery (7 AM-9 AM),Monday-Thursday,5.0,15,0.3333333333333333
2023-08-03,AM Service Delivery (7 AM-9 AM),Monday-Thursday,5.0,15,0.3333333333333333
2023-08-03,AM Service Delivery (7 AM-9 AM),Monday-Thursday,5.0,15,0.3333333333333333
2023-08-03,AM Service Delivery (7 AM-9 AM),Monday-Thursday,5.0,15,0.3333333333333333
2023-08-03,Night Service Delivery (9 PM onwards),Monday-Thursday,1.0,15,0.06666666666666667
2023-08-03,Night Service Delivery (9 PM onwards),Monday-Thursday,1.0,15,0.06666666666666667
2023-08-03,Night Service Delivery (9 PM onwards),Monday-Thursday,1.0,15,0.06666666666666667
2023-08-03,Night Service Delivery (9 PM onwards),Monday-Thursday,1.0,15,0.06666666666666667
2023-08-03,Night Service Delivery (9 PM onwards),Monday-Thursday,1.0,15,0.06666666666666667
2023-08-03,Night Service Delivery (9 PM onwards),Monday-Thursday,1.0,15,0.06666666666666667
2023-08-03,PM Service Delivery (3 PM-5 PM),Monday-Thursday,5.0,15,0.3333333333333333
2023-08-03,PM Service Delivery (3 PM-5 PM),Monday-Thursday,5.0,15,0.3333333333333333
2023-08-03,PM Service Delivery (3 PM-5 PM),Monday-Thursday,5.0,15,0.3333333333333333
2023-08-03,PM Service Delivery (3 PM-5 PM),Monday-Thursday,5.0,15,0.3333333333333333
2023-08-03,PM Service Delivery (3 PM-5 PM),Monday-Thursday,5.0,15,0.3333333333333333
2023-08-03,PM Service Delivery (3 PM-5 PM),Monday-Thursday,5.0,15,0.3333333333333333
2023-08-03,Pull-out AM (6 AM-7 AM),Monday-Thursday,10.0,15,0.6666666666666666
2023-08-03,Pull-out AM (6 AM-7 AM),Monday-Thursday,10.0,15,0.6666666666666666
2023-08-03,Pull-out AM (6 AM-7 AM),Monday-Thursday,10.0,15,0.6666666666666666
2023-08-03,Pull-out AM (6 AM-7 AM),Monday-Thursday,10.0,15,0.6666666666666666
2023-08-03,Pull-out AM (6 AM-7 AM),Monday-Thursday,10.0,15,0.6666666666666666
2023-08-03,Pull-out AM (6 AM-7 AM),Monday-Thursday,10.0,15,0.6666666666666666
2023-08-07,PM Service Delivery (3 PM-5 PM),Monday-Thursday,0.0,15,0.0
2023-08-07,PM Service Delivery (3 PM-5 PM),Monday-Thursday,0.0,15,0.0
2023-08-07,PM Service Delivery (3 PM-5 PM),Monday-Thursday,0.0,15,0.0
2023-08-07,PM Service Delivery (3 PM-5 PM),Monday-Thursday,0.0,15,0.0
2023-08-07,PM Service Delivery (3 PM-5 PM),Monday-Thursday,0.0,15,0.0
2023-08-07,PM Service Delivery (3 PM-5 PM),Monday-Thursday,0.0,15,0.0
2023-08-07,Pull-out AM (6 AM-7 AM),Monday-Thursday,5.0,15,0.3333333333333333
2023-08-07,Pull-out AM (6 AM-7 AM),Monday-Thursday,5.0,15,0.3333333333333333
2023-08-07,Pull-out AM (6 AM-7 AM),Monday-Thursday,5.0,15,0.3333333333333333
2023-08-07,Pull-out AM (6 AM-7 AM),Monday-Thursday,5.0,15,0.3333333333333333
2023-08-07,Pull-out AM (6 AM-7 AM),Monday-Thursday,5.0,15,0.3333333333333333
2023-08-07,Pull-out AM (6 AM-7 AM),Monday-Thursday,5.0,15,0.3333333333333333
2023-08-08,Night Service Delivery (9 PM onwards),Monday-Thursday,2.0,15,0.13333333333333333
2023-08-08,Night Service Delivery (9 PM onwards),Monday-Thursday,2.0,15,0.13333333333333333
2023-08-08,Night Service Delivery (9 PM onwards),Monday-Thursday,2.0,15,0.13333333333333333
2023-08-08,Night Service Delivery (9 PM onwards),Monday-Thursday,2.0,15,0.13333333333333333
2023-08-08,Night Service Delivery (9 PM onwards),Monday-Thursday,2.0,15,0.13333333333333333
2023-08-08,Night Service Delivery (9 PM onwards),Monday-Thursday,2.0,15,0.13333333333333333
2023-08-08,Pull-out AM (6 AM-7 AM),Monday-Thursday,0.0,15,0.0
2023-08-08,Pull-out AM (6 AM-7 AM),Monday-Thursday,0.0,15,0.0
2023-08-08,Pull-out AM (6 AM-7 AM),Monday-Thursday,0.0,15,0.0
2023-08-08,Pull-out AM (6 AM-7 AM),Monday-Thursday,0.0,15,0.0
2023-08-08,Pull-out AM (6 AM-7 AM),Monday-Thursday,0.0,15,0.0
2023-08-08,Pull-out AM (6 AM-7 AM),Monday-Thursday,0.0,15,0.0
2023-08-09,AM Service Delivery (7 AM-9 AM),Monday-Thursday,3.0,15,0.2
2023-08-09,AM Service Delivery (7 AM-9 AM),Monday-Thursday,3.0,15,0.2
2023-08-09,AM Service Delivery (7 AM-9 AM),Monday-Thursday,3.0,15,0.2
2023-08-09,AM Service Delivery (7 AM-9 AM),Monday-Thursday,3.0,15,0.2
2023-08-09,AM Service Delivery (7 AM-9 AM),Monday-Thursday,3.0,15,0.2
2023-08-09,AM Service Delivery (7 AM-9 AM),Monday-Thursday,3.0,15,0.2
2023-08-09,Night Service Delivery (9 PM onwards),Monday-Thursday,0.0,15,0.0
2023-08-09,Night Service Delivery (9 PM onwards),Monday-Thursday,0.0,15,0.0
2023-08-09,Night Service Delivery (9 PM onwards),Monday-Thursday,0.0,15,0.0
2023-08-09,Night Service Delivery (9 PM onwards),Monday-Thursday,0.0,15,0.0
2023-08-09,Night Service Delivery (9 PM onwards),Monday-Thursday,0.0,15,0.0
2023-08-09,Night Service Delivery (9 PM onwards),Monday-Thursday,0.0,15,0.0
2023-08-09,PM Service Delivery (3 PM-5 PM),Monday-Thursday,0.0,15,0.0
2023-08-09,PM Service Delivery (3 PM-5 PM),Monday-Thursday,0.0,15,0.0
2023-08-09,PM Service Delivery (3 PM-5 PM),Monday-Thursday,0.0,15,0.0
2023-08-09,PM Service Delivery (3 PM-5 PM),Monday-Thursday,0.0,15,0.0
2023-08-09,PM Service Delivery (3 PM-5 PM),Monday-Thursday,0.0,15,0.0
2023-08-09,PM Service Delivery (3 PM-5 PM),Monday-Thursday,0.0,15,0.0
2023-08-09,Pull-out AM (6 AM-7 AM),Monday-Thursday,2.0,15,0.13333333333333333
2023-08-09,Pull-out AM (6 AM-7 AM),Monday-Thursday,2.0,15,0.13333333333333333
2023-08-09,Pull-out AM (6 AM-7 AM),Monday-Thursday,2.0,15,0.13333333333333333
2023-08-09,Pull-out AM (6 AM-7 AM),Monday-Thursday,2.0,15,0.13333333333333333
2023-08-09,Pull-out AM (6 AM-7 AM),Monday-Thursday,2.0,15,0.13333333333333333
2023-08-09,Pull-out AM (6 AM-7 AM),Monday-Thursday,2.0,15,0.13333333333333333
2023-08-10,AM Service Delivery (7 AM-9 AM),Monday-Thursday,4.0,15,0.26666666666666666
2023-08-10,AM Service Delivery (7 AM-9 AM),Monday-Thursday,4.0,15,0.26666666666666666
2023-08-10,AM Service Delivery (7 AM-9 AM),Monday-Thursday,4.0,15,0.26666666666666666
2023-08-10,AM Service Delivery (7 AM-9 AM),Monday-Thursday,4.0,15,0.26666666666666666
2023-08-10,AM Service Delivery (7 AM-9 AM),Monday-Thursday,4.0,15,0.26666666666666666
2023-08-10,AM Service Delivery (7 AM-9 AM),Monday-Thursday,4.0,15,0.26666666666666666
2023-08-10,PM Service Delivery (3 PM-5 PM),Monday-Thursday,0.0,15,0.0
2023-08-10,PM Service Delivery (3 PM-5 PM),Monday-Thursday,0.0,15,0.0
2023-08-10,PM Service Delivery (3 PM-5 PM),Monday-Thursday,0.0,15,0.0
2023-08-10,PM Service Delivery (3 PM-5 PM),Monday-Thursday,0.0,15,0.0
2023-08-10,PM Service Delivery (3 PM-5 PM),Monday-Thursday,0.0,15,0.0
2023-08-10,PM Service Delivery (3 PM-5 PM),Monday-Thursday,0.0,15,0.0
2023-08-10,Pull-out AM (6 AM-7 AM),Monday-Thursday,4.0,15,0.26666666666666666
2023-08-10,Pull-out AM (6 AM-7 AM),Monday-Thursday,4.0,15,0.26666666666666666
2023-08-10,Pull-out AM (6 AM-7 AM),Monday-Thursday,4.0,15,0.26666666666666666
2023-08-10,Pull-out AM (6 AM-7 AM),Monday-Thursday,4.0,15,0.26666666666666666
2023-08-10,Pull-out AM (6 AM-7 AM),Monday-Thursday,4.0,15,0.26666666666666666
2023-08-10,Pull-out AM (6 AM-7 AM),Monday-Thursday,4.0,15,0.26666666666666666
2023-08-11,AM Service Delivery (7 AM-9 AM),Friday,2.0,15,0.13333333333333333
2023-08-11,AM Service Delivery (7 AM-9 AM),Friday,2.0,15,0.13333333333333333
2023-08-11,AM Service Delivery (7 AM-9 AM),Friday,2.0,15,0.13333333333333333
2023-08-11,AM Service Delivery (7 AM-9 AM),Friday,2.0,15,0.13333333333333333
2023-08-11,AM Service Delivery (7 AM-9 AM),Friday,2.0,15,0.13333333333333333
2023-08-11,AM Service Delivery (7 AM-9 AM),Friday,2.0,15,0.13333333333333333
2023-08-11,Night Service Delivery (9 PM onwards),Friday,0.0,15,0.0
2023-08-11,Night Service Delivery (9 PM onwards),Friday,0.0,15,0.0
2023-08-11,Night Service Delivery (9 PM onwards),Friday,0.0,15,0.0
2023-08-11,Night Service Delivery (9 PM onwards),Friday,0.0,15,0.0
2023-08-11,Night Service Delivery (9 PM onwards),Friday,0.0,15,0.0
2023-08-11,Night Service Delivery (9 PM onwards),Friday,0.0,15,0.0
2023-08-11,PM Service Delivery (3 PM-5 PM),Friday,5.0,15,0.3333333333333333
2023-08-11,PM Service Delivery (3 PM-5 PM),Friday,5.0,15,0.3333333333333333
2023-08-11,PM Service Delivery (3 PM-5 PM),Friday,5.0,15,0.3333333333333333
2023-08-11,PM Service Delivery (3 PM-5 PM),Friday,5.0,15,0.3333333333333333
2023-08-11,PM Service Delivery (3 PM-5 PM),Friday,5.0,15,0.3333333333333333
2023-08-11,PM Service Delivery (3 PM-5 PM),Friday,5.0,15,0.3333333333333333
2023-08-11,Pull-out AM (6 AM-7 AM),Friday,3.0,15,0.2
2023-08-11,Pull-out AM (6 AM-7 AM),Friday,3.0,15,0.2
2023-08-11,Pull-out AM (6 AM-7 AM),Friday,3.0,15,0.2
2023-08-11,Pull-out AM (6 AM-7 AM),Friday,3.0,15,0.2
2023-08-11,Pull-out AM (6 AM-7 AM),Friday,3.0,15,0.2
2023-08-11,Pull-out AM (6 AM-7 AM),Friday,3.0,15,0.2
2023-08-12,AM Service Delivery (7 AM-9 AM),Saturday,2.0,15,0.13333333333333333
2023-08-12,AM Service Delivery (7 AM-9 AM),Saturday,2.0,15,0.13333333333333333
2023-08-12,AM Service Delivery (7 AM-9 AM),Saturday,2.0,15,0.13333333333333333
2023-08-12,AM Service Delivery (7 AM-9 AM),Saturday,2.0,15,0.13333333333333333
2023-08-12,AM Service Delivery (7 AM-9 AM),Saturday,2.0,15,0.13333333333333333
2023-08-12,AM Service Delivery (7 AM-9 AM),Saturday,2.0,15,0.13333333333333333
2023-08-12,Night Service Delivery (9 PM onwards),Saturday,3.0,15,0.2
2023-08-12,Night Service Delivery (9 PM onwards),Saturday,3.0,15,0.2
2023-08-12,Night Service Delivery (9 PM onwards),Saturday,3.0,15,0.2
2023-08-12,Night Service Delivery (9 PM onwards),Saturday,3.0,15,0.2
2023-08-12,Night Service Delivery (9 PM onwards),Saturday,3.0,15,0.2
2023-08-12,Night Service Delivery (9 PM onwards),Saturday,3.0,15,0.2
2023-08-12,PM Service Delivery (3 PM-5 PM),Saturday,0.0,15,0.0
2023-08-12,PM Service Delivery (3 PM-5 PM),Saturday,0.0,15,0.0
2023-08-12,PM Service Delivery (3 PM-5 PM),Saturday,0.0,15,0.0
2023-08-12,PM Service Delivery (3 PM-5 PM),Saturday,0.0,15,0.0
2023-08-12,PM Service Delivery (3 PM-5 PM),Saturday,0.0,15,0.0
2023-08-12,PM Service Delivery (3 PM-5 PM),Saturday,0.0,15,0.0
2023-08-12,Pull-out AM (6 AM-7 AM),Saturday,3.0,15,0.2
2023-08-12,Pull-out AM (6 AM-7 AM),Saturday,3.0,15,0.2
2023-08-12,Pull-out AM (6 AM-7 AM),Saturday,3.0,15,0.2
2023-08-12,Pull-out AM (6 AM-7 AM),Saturday,3.0,15,0.2
2023-08-12,Pull-out AM (6 AM-7 AM),Saturday,3.0,15,0.2
2023-08-12,Pull-out AM (6 AM-7 AM),Saturday,3.0,15,0.2
2023-08-13,AM Service Delivery (7 AM-9 AM),Sunday,0.0,15,0.0
2023-08-13,AM Service Delivery (7 AM-9 AM),Sunday,0.0,15,0.0
2023-08-13,AM Service Delivery (7 AM-9 AM),Sunday,0.0,15,0.0
2023-08-13,AM Service Delivery (7 AM-9 AM),Sunday,0.0,15,0.0
2023-08-13,AM Service Delivery (7 AM-9 AM),Sunday,0.0,15,0.0
2023-08-13,AM Service Delivery (7 AM-9 AM),Sunday,0.0,15,0.0
2023-08-13,Night Service Delivery (9 PM onwards),Sunday,2.0,15,0.13333333333333333
2023-08-13,Night Service Delivery (9 PM onwards),Sunday,2.0,15,0.13333333333333333
2023-08-13,Night Service Delivery (9 PM onwards),Sunday,2.0,15,0.13333333333333333
2023-08-13,Night Service Delivery (9 PM onwards),Sunday,2.0,15,0.13333333333333333
2023-08-13,Night Service Delivery (9 PM onwards),Sunday,2.0,15,0.13333333333333333
2023-08-13,Night Service Delivery (9 PM onwards),Sunday,2.0,15,0.13333333333333333
2023-08-13,PM Service Delivery (3 PM-5 PM),Sunday,2.0,15,0.13333333333333333
2023-08-13,PM Service Delivery (3 PM-5 PM),Sunday,2.0,15,0.13333333333333333
2023-08-13,PM Service Delivery (3 PM-5 PM),Sunday,2.0,15,0.13333333333333333
2023-08-13,PM Service Delivery (3 PM-5 PM),Sunday,2.0,15,0.13333333333333333
2023-08-13,PM Service Delivery (3 PM-5 PM),Sunday,2.0,15,0.13333333333333333
2023-08-13,PM Service Delivery (3 PM-5 PM),Sunday,2.0,15,0.13333333333333333
2023-08-13,Pull-out AM (6 AM-7 AM),Sunday,4.0,15,0.26666666666666666
2023-08-13,Pull-out AM (6 AM-7 AM),Sunday,4.0,15,0.26666666666666666
2023-08-13,Pull-out AM (6 AM-7 AM),Sunday,4.0,15,0.26666666666666666
2023-08-13,Pull-out AM (6 AM-7 AM),Sunday,4.0,15,0.26666666666666666
2023-08-13,Pull-out AM (6 AM-7 AM),Sunday,4.0,15,0.26666666666666666
2023-08-13,Pull-out AM (6 AM-7 AM),Sunday,4.0,15,0.26666666666666666
2023-08-14,AM Service Delivery (7 AM-9 AM),Monday-Thursday,4.0,15,0.26666666666666666
2023-08-14,AM Service Delivery (7 AM-9 AM),Monday-Thursday,4.0,15,0.26666666666666666
2023-08-14,AM Service Delivery (7 AM-9 AM),Monday-Thursday,4.0,15,0.26666666666666666
2023-08-14,AM Service Delivery (7 AM-9 AM),Monday-Thursday,4.0,15,0.26666666666666666
2023-08-14,AM Service Delivery (7 AM-9 AM),Monday-Thursday,4.0,15,0.26666666666666666
2023-08-14,AM Service Delivery (7 AM-9 AM),Monday-Thursday,4.0,15,0.26666666666666666
2023-08-14,Night Service Delivery (9 PM onwards),Monday-Thursday,4.0,15,0.26666666666666666
2023-08-14,Night Service Delivery (9 PM onwards),Monday-Thursday,4.0,15,0.26666666666666666
2023-08-14,Night Service Delivery (9 PM onwards),Monday-Thursday,4.0,15,0.26666666666666666
2023-08-14,Night Service Delivery (9 PM onwards),Monday-Thursday,4.0,15,0.26666666666666666
2023-08-14,Night Service Delivery (9 PM onwards),Monday-Thursday,4.0,15,0.26666666666666666
2023-08-14,Night Service Delivery (9 PM onwards),Monday-Thursday,4.0,15,0.26666666666666666
2023-08-14,PM Service Delivery (3 PM-5 PM),Monday-Thursday,7.0,15,0.4666666666666667
2023-08-14,PM Service Delivery (3 PM-5 PM),Monday-Thursday,7.0,15,0.4666666666666667
2023-08-14,PM Service Delivery (3 PM-5 PM),Monday-Thursday,7.0,15,0.4666666666666667
2023-08-14,PM Service Delivery (3 PM-5 PM),Monday-Thursday,7.0,15,0.4666666666666667
2023-08-14,PM Service Delivery (3 PM-5 PM),Monday-Thursday,7.0,15,0.4666666666666667
2023-08-14,PM Service Delivery (3 PM-5 PM),Monday-Thursday,7.0,15,0.4666666666666667
2023-08-14,Pull-out AM (6 AM-7 AM),Monday-Thursday,5.0,15,0.3333333333333333
2023-08-14,Pull-out AM (6 AM-7 AM),Monday-Thursday,5.0,15,0.3333333333333333
2023-08-14,Pull-out AM (6 AM-7 AM),Monday-Thursday,5.0,15,0.3333333333333333
2023-08-14,Pull-out AM (6 AM-7 AM),Monday-Thursday,5.0,15,0.3333333333333333
2023-08-14,Pull-out AM (6 AM-7 AM),Monday-Thursday,5.0,15,0.3333333333333333
2023-08-14,Pull-out AM (6 AM-7 AM),Monday-Thursday,5.0,15,0.3333333333333333
2023-08-15,AM Service Delivery (7 AM-9 AM),Monday-Thursday,8.0,15,0.5333333333333333
2023-08-15,AM Service Delivery (7 AM-9 AM),Monday-Thursday,8.0,15,0.5333333333333333
2023-08-15,AM Service Delivery (7 AM-9 AM),Monday-Thursday,8.0,15,0.5333333333333333
2023-08-15,AM Service Delivery (7 AM-9 AM),Monday-Thursday,8.0,15,0.5333333333333333
2023-08-15,AM Service Delivery (7 AM-9 AM),Monday-Thursday,8.0,15,0.5333333333333333
2023-08-15,AM Service Delivery (7 AM-9 AM),Monday-Thursday,8.0,15,0.5333333333333333
2023-08-15,PM Service Delivery (3 PM-5 PM),Monday-Thursday,4.0,15,0.26666666666666666
2023-08-15,PM Service Delivery (3 PM-5 PM),Monday-Thursday,4.0,15,0.26666666666666666
2023-08-15,PM Service Delivery (3 PM-5 PM),Monday-Thursday,4.0,15,0.26666666666666666
2023-08-15,PM Service Delivery (3 PM-5 PM),Monday-Thursday,4.0,15,0.26666666666666666
2023-08-15,PM Service Delivery (3 PM-5 PM),Monday-Thursday,4.0,15,0.26666666666666666
2023-08-15,PM Service Delivery (3 PM-5 PM),Monday-Thursday,4.0,15,0.26666666666666666
2023-08-15,Pull-out AM (6 AM-7 AM),Monday-Thursday,8.0,15,0.5333333333333333
2023-08-15,Pull-out AM (6 AM-7 AM),Monday-Thursday,8.0,15,0.5333333333333333
2023-08-15,Pull-out AM (6 AM-7 AM),Monday-Thursday,8.0,15,0.5333333333333333
2023-08-15,Pull-out AM (6 AM-7 AM),Monday-Thursday,8.0,15,0.5333333333333333
2023-08-15,Pull-out AM (6 AM-7 AM),Monday-Thursday,8.0,15,0.5333333333333333
2023-08-15,Pull-out AM (6 AM-7 AM),Monday-Thursday,8.0,15,0.5333333333333333
2023-08-16,AM Service Delivery (7 AM-9 AM),Monday-Thursday,7.0,15,0.4666666666666667
2023-08-16,AM Service Delivery (7 AM-9 AM),Monday-Thursday,7.0,15,0.4666666666666667
2023-08-16,AM Service Delivery (7 AM-9 AM),Monday-Thursday,7.0,15,0.4666666666666667
2023-08-16,AM Service Delivery (7 AM-9 AM),Monday-Thursday,7.0,15,0.4666666666666667
2023-08-16,AM Service Delivery (7 AM-9 AM),Monday-Thursday,7.0,15,0.4666666666666667
2023-08-16,AM Service Delivery (7 AM-9 AM),Monday-Thursday,7.0,15,0.4666666666666667
2023-08-16,PM Service Delivery (3 PM-5 PM),Monday-Thursday,4.0,15,0.26666666666666666
2023-08-16,PM Service Delivery (3 PM-5 PM),Monday-Thursday,4.0,15,0.26666666666666666
2023-08-16,PM Service Delivery (3 PM-5 PM),Monday-Thursday,4.0,15,0.26666666666666666
2023-08-16,PM Service Delivery (3 PM-5 PM),Monday-Thursday,4.0,15,0.26666666666666666
2023-08-16,PM Service Delivery (3 PM-5 PM),Monday-Thursday,4.0,15,0.26666666666666666
2023-08-16,PM Service Delivery (3 PM-5 PM),Monday-Thursday,4.0,15,0.26666666666666666
2023-08-16,Pull-out AM (6 AM-7 AM),Monday-Thursday,9.0,15,0.6
2023-08-16,Pull-out AM (6 AM-7 AM),Monday-Thursday,9.0,15,0.6
2023-08-16,Pull-out AM (6 AM-7 AM),Monday-Thursday,9.0,15,0.6
2023-08-16,Pull-out AM (6 AM-7 AM),Monday-Thursday,9.0,15,0.6
2023-08-16,Pull-out AM (6 AM-7 AM),Monday-Thursday,9.0,15,0.6
2023-08-16,Pull-out AM (6 AM-7 AM),Monday-Thursday,9.0,15,0.6
2023-08-17,AM Service Delivery (7 AM-9 AM),Monday-Thursday,7.0,15,0.4666666666666667
2023-08-17,AM Service Delivery (7 AM-9 AM),Monday-Thursday,7.0,15,0.4666666666666667
2023-08-17,AM Service Delivery (7 AM-9 AM),Monday-Thursday,7.0,15,0.4666666666666667
2023-08-17,AM Service Delivery (7 AM-9 AM),Monday-Thursday,7.0,15,0.4666666666666667
2023-08-17,AM Service Delivery (7 AM-9 AM),Monday-Thursday,7.0,15,0.4666666666666667
2023-08-17,AM Service Delivery (7 AM-9 AM),Monday-Thursday,7.0,15,0.4666666666666667
2023-08-17,Night Service Delivery (9 PM onwards),Monday-Thursday,5.0,15,0.3333333333333333
2023-08-17,Night Service Delivery (9 PM onwards),Monday-Thursday,5.0,15,0.3333333333333333
2023-08-17,Night Service Delivery (9 PM onwards),Monday-Thursday,5.0,15,0.3333333333333333
2023-08-17,Night Service Delivery (9 PM onwards),Monday-Thursday,5.0,15,0.3333333333333333
2023-08-17,Night Service Delivery (9 PM onwards),Monday-Thursday,5.0,15,0.3333333333333333
2023-08-17,Night Service Delivery (9 PM onwards),Monday-Thursday,5.0,15,0.3333333333333333
2023-08-17,PM Service Delivery (3 PM-5 PM),Monday-Thursday,4.0,15,0.26666666666666666
2023-08-17,PM Service Delivery (3 PM-5 PM),Monday-Thursday,4.0,15,0.26666666666666666
2023-08-17,PM Service Delivery (3 PM-5 PM),Monday-Thursday,4.0,15,0.26666666666666666
2023-08-17,PM Service Delivery (3 PM-5 PM),Monday-Thursday,4.0,15,0.26666666666666666
2023-08-17,PM Service Delivery (3 PM-5 PM),Monday-Thursday,4.0,15,0.26666666666666666
2023-08-17,PM Service Delivery (3 PM-5 PM),Monday-Thursday,4.0,15,0.26666666666666666
2023-08-17,Pull-out AM (6 AM-7 AM),Monday-Thursday,9.0,15,0.6
2023-08-17,Pull-out AM (6 AM-7 AM),Monday-Thursday,9.0,15,0.6
2023-08-17,Pull-out AM (6 AM-7 AM),Monday-Thursday,9.0,15,0.6
2023-08-17,Pull-out AM (6 AM-7 AM),Monday-Thursday,9.0,15,0.6
2023-08-17,Pull-out AM (6 AM-7 AM),Monday-Thursday,9.0,15,0.6
2023-08-17,Pull-out AM (6 AM-7 AM),Monday-Thursday,9.0,15,0.6
2023-08-18,AM Service Delivery (7 AM-9 AM),Friday,5.0,15,0.3333333333333333
2023-08-18,AM Service Delivery (7 AM-9 AM),Friday,5.0,15,0.3333333333333333
2023-08-18,AM Service Delivery (7 AM-9 AM),Friday,5.0,15,0.3333333333333333
2023-08-18,AM Service Delivery (7 AM-9 AM),Friday,5.0,15,0.3333333333333333
2023-08-18,AM Service Delivery (7 AM-9 AM),Friday,5.0,15,0.3333333333333333
2023-08-18,AM Service Delivery (7 AM-9 AM),Friday,5.0,15,0.3333333333333333
2023-08-18,Night Service Delivery (9 PM onwards),Friday,5.0,15,0.3333333333333333
2023-08-18,Night Service Delivery (9 PM onwards),Friday,5.0,15,0.3333333333333333
2023-08-18,Night Service Delivery (9 PM onwards),Friday,5.0,15,0.3333333333333333
2023-08-18,Night Service Delivery (9 PM onwards),Friday,5.0,15,0.3333333333333333
2023-08-18,Night Service Delivery (9 PM onwards),Friday,5.0,15,0.3333333333333333
2023-08-18,Night Service Delivery (9 PM onwards),Friday,5.0,15,0.3333333333333333
2023-08-18,PM Service Delivery (3 PM-5 PM),Friday,4.0,15,0.26666666666666666
2023-08-18,PM Service Delivery (3 PM-5 PM),Friday,4.0,15,0.26666666666666666
2023-08-18,PM Service Delivery (3 PM-5 PM),Friday,4.0,15,0.26666666666666666
2023-08-18,PM Service Delivery (3 PM-5 PM),Friday,4.0,15,0.26666666666666666
2023-08-18,PM Service Delivery (3 PM-5 PM),Friday,4.0,15,0.26666666666666666
2023-08-18,PM Service Delivery (3 PM-5 PM),Friday,4.0,15,0.26666666666666666
2023-08-18,Pull-out AM (6 AM-7 AM),Friday,8.0,15,0.5333333333333333
2023-08-18,Pull-out AM (6 AM-7 AM),Friday,8.0,15,0.5333333333333333
2023-08-18,Pull-out AM (6 AM-7 AM),Friday,8.0,15,0.5333333333333333
2023-08-18,Pull-out AM (6 AM-7 AM),Friday,8.0,15,0.5333333333333333
2023-08-18,Pull-out AM (6 AM-7 AM),Friday,8.0,15,0.5333333333333333
2023-08-18,Pull-out AM (6 AM-7 AM),Friday,8.0,15,0.5333333333333333
2023-08-19,Night Service Delivery (9 PM onwards),Saturday,6.0,15,0.4
2023-08-19,Night Service Delivery (9 PM onwards),Saturday,6.0,15,0.4
2023-08-19,Night Service Delivery (9 PM onwards),Saturday,6.0,15,0.4
2023-08-19,Night Service Delivery (9 PM onwards),Saturday,6.0,15,0.4
2023-08-19,Night Service Delivery (9 PM onwards),Saturday,6.0,15,0.4
2023-08-19,Night Service Delivery (9 PM onwards),Saturday,6.0,15,0.4
2023-08-19,PM Service Delivery (3 PM-5 PM),Saturday,9.0,15,0.6
2023-08-19,PM Service Delivery (3 PM-5 PM),Saturday,9.0,15,0.6
2023-08-19,PM Service Delivery (3 PM-5 PM),Saturday,9.0,15,0.6
2023-08-19,PM Service Delivery (3 PM-5 PM),Saturday,9.0,15,0.6
2023-08-19,PM Service Delivery (3 PM-5 PM),Saturday,9.0,15,0.6
2023-08-19,PM Service Delivery (3 PM-5 PM),Saturday,9.0,15,0.6
2023-08-19,Pull-out AM (6 AM-7 AM),Saturday,9.0,15,0.6
2023-08-19,Pull-out AM (6 AM-7 AM),Saturday,9.0,15,0.6
2023-08-19,Pull-out AM (6 AM-7 AM),Saturday,9.0,15,0.6
2023-08-19,Pull-out AM (6 AM-7 AM),Saturday,9.0,15,0.6
2023-08-19,Pull-out AM (6 AM-7 AM),Saturday,9.0,15,0.6
2023-08-19,Pull-out AM (6 AM-7 AM),Saturday,9.0,15,0.6
2023-08-20,AM Service Delivery (7 AM-9 AM),Sunday,6.0,15,0.4
2023-08-20,AM Service Delivery (7 AM-9 AM),Sunday,6.0,15,0.4
2023-08-20,AM Service Delivery (7 AM-9 AM),Sunday,6.0,15,0.4
2023-08-20,AM Service Delivery (7 AM-9 AM),Sunday,6.0,15,0.4
2023-08-20,AM Service Delivery (7 AM-9 AM),Sunday,6.0,15,0.4
2023-08-20,AM Service Delivery (7 AM-9 AM),Sunday,6.0,15,0.4
2023-08-20,Night Service Delivery (9 PM onwards),Sunday,7.0,15,0.4666666666666667
2023-08-20,Night Service Delivery (9 PM onwards),Sunday,7.0,15,0.4666666666666667
2023-08-20,Night Service Delivery (9 PM onwards),Sunday,7.0,15,0.4666666666666667
2023-08-20,Night Service Delivery (9 PM onwards),Sunday,7.0,15,0.4666666666666667
2023-08-20,Night Service Delivery (9 PM onwards),Sunday,7.0,15,0.4666666666666667
2023-08-20,Night Service Delivery (9 PM onwards),Sunday,7.0,15,0.4666666666666667
2023-08-20,PM Service Delivery (3 PM-5 PM),Sunday,6.0,15,0.4
2023-08-20,PM Service Delivery (3 PM-5 PM),Sunday,6.0,15,0.4
2023-08-20,PM Service Delivery (3 PM-5 PM),Sunday,6.0,15,0.4
2023-08-20,PM Service Delivery (3 PM-5 PM),Sunday,6.0,15,0.4
2023-08-20,PM Service Delivery (3 PM-5 PM),Sunday,6.0,15,0.4
2023-08-20,PM Service Delivery (3 PM-5 PM),Sunday,6.0,15,0.4
2023-08-20,Pull-out AM (6 AM-7 AM),Sunday,11.0,15,0.7333333333333333
2023-08-20,Pull-out AM (6 AM-7 AM),Sunday,11.0,15,0.7333333333333333
2023-08-20,Pull-out AM (6 AM-7 AM),Sunday,11.0,15,0.7333333333333333
2023-08-20,Pull-out AM (6 AM-7 AM),Sunday,11.0,15,0.7333333333333333
2023-08-20,Pull-out AM (6 AM-7 AM),Sunday,11.0,15,0.7333333333333333
2023-08-20,Pull-out AM (6 AM-7 AM),Sunday,11.0,15,0.7333333333333333
2023-08-21,AM Service Delivery (7 AM-9 AM),Monday-Thursday,10.0,15,0.6666666666666666
2023-08-21,AM Service Delivery (7 AM-9 AM),Monday-Thursday,10.0,15,0.6666666666666666
2023-08-21,AM Service Delivery (7 AM-9 AM),Monday-Thursday,10.0,15,0.6666666666666666
2023-08-21,AM Service Delivery (7 AM-9 AM),Monday-Thursday,10.0,15,0.6666666666666666
2023-08-21,AM Service Delivery (7 AM-9 AM),Monday-Thursday,10.0,15,0.6666666666666666
2023-08-21,AM Service Delivery (7 AM-9 AM),Monday-Thursday,10.0,15,0.6666666666666666
2023-08-21,Night Service Delivery (9 PM onwards),Monday-Thursday,6.0,15,0.4
2023-08-21,Night Service Delivery (9 PM onwards),Monday-Thursday,6.0,15,0.4
2023-08-21,Night Service Delivery (9 PM onwards),Monday-Thursday,6.0,15,0.4
2023-08-21,Night Service Delivery (9 PM onwards),Monday-Thursday,6.0,15,0.4
2023-08-21,Night Service Delivery (9 PM onwards),Monday-Thursday,6.0,15,0.4
2023-08-21,Night Service Delivery (9 PM onwards),Monday-Thursday,6.0,15,0.4
2023-08-21,PM Service Delivery (3 PM-5 PM),Monday-Thursday,6.0,15,0.4
2023-08-21,PM Service Delivery (3 PM-5 PM),Monday-Thursday,6.0,15,0.4
2023-08-21,PM Service Delivery (3 PM-5 PM),Monday-Thursday,6.0,15,0.4
2023-08-21,PM Service Delivery (3 PM-5 PM),Monday-Thursday,6.0,15,0.4
2023-08-21,PM Service Delivery (3 PM-5 PM),Monday-Thursday,6.0,15,0.4
2023-08-21,PM Service Delivery (3 PM-5 PM),Monday-Thursday,6.0,15,0.4
2023-08-21,Pull-out AM (6 AM-7 AM),Monday-Thursday,10.0,15,0.6666666666666666
2023-08-21,Pull-out AM (6 AM-7 AM),Monday-Thursday,10.0,15,0.6666666666666666
2023-08-21,Pull-out AM (6 AM-7 AM),Monday-Thursday,10.0,15,0.6666666666666666
2023-08-21,Pull-out AM (6 AM-7 AM),Monday-Thursday,10.0,15,0.6666666666666666
2023-08-21,Pull-out AM (6 AM-7 AM),Monday-Thursday,10.0,15,0.6666666666666666
2023-08-21,Pull-out AM (6 AM-7 AM),Monday-Thursday,10.0,15,0.6666666666666666
2023-08-22,AM Service Delivery (7 AM-9 AM),Monday-Thursday,6.0,15,0.4
2023-08-22,AM Service Delivery (7 AM-9 AM),Monday-Thursday,6.0,15,0.4
2023-08-22,AM Service Delivery (7 AM-9 AM),Monday-Thursday,6.0,15,0.4
2023-08-22,AM Service Delivery (7 AM-9 AM),Monday-Thursday,6.0,15,0.4
2023-08-22,AM Service Delivery (7 AM-9 AM),Monday-Thursday,6.0,15,0.4
2023-08-22,AM Service Delivery (7 AM-9 AM),Monday-Thursday,6.0,15,0.4
2023-08-22,Night Service Delivery (9 PM onwards),Monday-Thursday,7.0,15,0.4666666666666667
2023-08-22,Night Service Delivery (9 PM onwards),Monday-Thursday,7.0,15,0.4666666666666667
2023-08-22,Night Service Delivery (9 PM onwards),Monday-Thursday,7.0,15,0.4666666666666667
2023-08-22,Night Service Delivery (9 PM onwards),Monday-Thursday,7.0,15,0.4666666666666667
2023-08-22,Night Service Delivery (9 PM onwards),Monday-Thursday,7.0,15,0.4666666666666667
2023-08-22,Night Service Delivery (9 PM onwards),Monday-Thursday,7.0,15,0.4666666666666667
2023-08-22,PM Service Delivery (3 PM-5 PM),Monday-Thursday,8.0,15,0.5333333333333333
2023-08-22,PM Service Delivery (3 PM-5 PM),Monday-Thursday,8.0,15,0.5333333333333333
2023-08-22,PM Service Delivery (3 PM-5 PM),Monday-Thursday,8.0,15,0.5333333333333333
2023-08-22,PM Service Delivery (3 PM-5 PM),Monday-Thursday,8.0,15,0.5333333333333333
2023-08-22,PM Service Delivery (3 PM-5 PM),Monday-Thursday,8.0,15,0.5333333333333333
2023-08-22,PM Service Delivery (3 PM-5 PM),Monday-Thursday,8.0,15,0.5333333333333333
2023-08-22,Pull-out AM (6 AM-7 AM),Monday-Thursday,6.0,15,0.4
2023-08-22,Pull-out AM (6 AM-7 AM),Monday-Thursday,6.0,15,0.4
2023-08-22,Pull-out AM (6 AM-7 AM),Monday-Thursday,6.0,15,0.4
2023-08-22,Pull-out AM (6 AM-7 AM),Monday-Thursday,6.0,15,0.4
2023-08-22,Pull-out AM (6 AM-7 AM),Monday-Thursday,6.0,15,0.4
2023-08-22,Pull-out AM (6 AM-7 AM),Monday-Thursday,6.0,15,0.4
2023-08-23,AM Service Delivery (7 AM-9 AM),Monday-Thursday,7.0,15,0.4666666666666667
2023-08-23,AM Service Delivery (7 AM-9 AM),Monday-Thursday,7.0,15,0.4666666666666667
2023-08-23,AM Service Delivery (7 AM-9 AM),Monday-Thursday,7.0,15,0.4666666666666667
2023-08-23,AM Service Delivery (7 AM-9 AM),Monday-Thursday,7.0,15,0.4666666666666667
2023-08-23,AM Service Delivery (7 AM-9 AM),Monday-Thursday,7.0,15,0.4666666666666667
2023-08-23,AM Service Delivery (7 AM-9 AM),Monday-Thursday,7.0,15,0.4666666666666667
2023-08-23,Night Service Delivery (9 PM onwards),Monday-Thursday,7.0,15,0.4666666666666667
2023-08-23,Night Service Delivery (9 PM onwards),Monday-Thursday,7.0,15,0.4666666666666667
2023-08-23,Night Service Delivery (9 PM onwards),Monday-Thursday,7.0,15,0.4666666666666667
2023-08-23,Night Service Delivery (9 PM onwards),Monday-Thursday,7.0,15,0.4666666666666667
2023-08-23,Night Service Delivery (9 PM onwards),Monday-Thursday,7.0,15,0.4666666666666667
2023-08-23,Night Service Delivery (9 PM onwards),Monday-Thursday,7.0,15,0.4666666666666667
2023-08-23,PM Service Delivery (3 PM-5 PM),Monday-Thursday,8.0,15,0.5333333333333333
2023-08-23,PM Service Delivery (3 PM-5 PM),Monday-Thursday,8.0,15,0.5333333333333333
2023-08-23,PM Service Delivery (3 PM-5 PM),Monday-Thursday,8.0,15,0.5333333333333333
2023-08-23,PM Service Delivery (3 PM-5 PM),Monday-Thursday,8.0,15,0.5333333333333333
2023-08-23,PM Service Delivery (3 PM-5 PM),Monday-Thursday,8.0,15,0.5333333333333333
2023-08-23,PM Service Delivery (3 PM-5 PM),Monday-Thursday,8.0,15,0.5333333333333333
2023-08-23,Pull-out AM (6 AM-7 AM),Monday-Thursday,7.0,15,0.4666666666666667
2023-08-23,Pull-out AM (6 AM-7 AM),Monday-Thursday,7.0,15,0.4666666666666667
2023-08-23,Pull-out AM (6 AM-7 AM),Monday-Thursday,7.0,15,0.4666666666666667
2023-08-23,Pull-out AM (6 AM-7 AM),Monday-Thursday,7.0,15,0.4666666666666667
2023-08-23,Pull-out AM (6 AM-7 AM),Monday-Thursday,7.0,15,0.4666666666666667
2023-08-23,Pull-out AM (6 AM-7 AM),Monday-Thursday,7.0,15,0.4666666666666667
2023-08-24,AM Service Delivery (7 AM-9 AM),Monday-Thursday,5.0,15,0.3333333333333333
2023-08-24,AM Service Delivery (7 AM-9 AM),Monday-Thursday,5.0,15,0.3333333333333333
2023-08-24,AM Service Delivery (7 AM-9 AM),Monday-Thursday,5.0,15,0.3333333333333333
2023-08-24,AM Service Delivery (7 AM-9 AM),Monday-Thursday,5.0,15,0.3333333333333333
2023-08-24,AM Service Delivery (7 AM-9 AM),Monday-Thursday,5.0,15,0.3333333333333333
2023-08-24,AM Service Delivery (7 AM-9 AM),Monday-Thursday,5.0,15,0.3333333333333333
2023-08-24,Night Service Delivery (9 PM onwards),Monday-Thursday,2.0,15,0.13333333333333333
2023-08-24,Night Service Delivery (9 PM onwards),Monday-Thursday,2.0,15,0.13333333333333333
2023-08-24,Night Service Delivery (9 PM onwards),Monday-Thursday,2.0,15,0.13333333333333333
2023-08-24,Night Service Delivery (9 PM onwards),Monday-Thursday,2.0,15,0.13333333333333333
2023-08-24,Night Service Delivery (9 PM onwards),Monday-Thursday,2.0,15,0.13333333333333333
2023-08-24,Night Service Delivery (9 PM onwards),Monday-Thursday,2.0,15,0.13333333333333333
2023-08-24,Pull-out AM (6 AM-7 AM),Monday-Thursday,7.0,15,0.4666666666666667
2023-08-24,Pull-out AM (6 AM-7 AM),Monday-Thursday,7.0,15,0.4666666666666667
2023-08-24,Pull-out AM (6 AM-7 AM),Monday-Thursday,7.0,15,0.4666666666666667
2023-08-24,Pull-out AM (6 AM-7 AM),Monday-Thursday,7.0,15,0.4666666666666667
2023-08-24,Pull-out AM (6 AM-7 AM),Monday-Thursday,7.0,15,0.4666666666666667
2023-08-24,Pull-out AM (6 AM-7 AM),Monday-Thursday,7.0,15,0.4666666666666667
2023-08-25,AM Service Delivery (7 AM-9 AM),Friday,8.0,15,0.5333333333333333
2023-08-25,AM Service Delivery (7 AM-9 AM),Friday,8.0,15,0.5333333333333333
2023-08-25,AM Service Delivery (7 AM-9 AM),Friday,8.0,15,0.5333333333333333
2023-08-25,AM Service Delivery (7 AM-9 AM),Friday,8.0,15,0.5333333333333333
2023-08-25,AM Service Delivery (7 AM-9 AM),Friday,8.0,15,0.5333333333333333
2023-08-25,AM Service Delivery (7 AM-9 AM),Friday,8.0,15,0.5333333333333333
2023-08-25,Night Service Delivery (9 PM onwards),Friday,7.0,15,0.4666666666666667
2023-08-25,Night Service Delivery (9 PM onwards),Friday,7.0,15,0.4666666666666667
2023-08-25,Night Service Delivery (9 PM onwards),Friday,7.0,15,0.4666666666666667
2023-08-25,Night Service Delivery (9 PM onwards),Friday,7.0,15,0.4666666666666667
2023-08-25,Night Service Delivery (9 PM onwards),Friday,7.0,15,0.4666666666666667
2023-08-25,Night Service Delivery (9 PM onwards),Friday,7.0,15,0.4666666666666667
2023-08-25,PM Service Delivery (3 PM-5 PM),Friday,7.0,15,0.4666666666666667
2023-08-25,PM Service Delivery (3 PM-5 PM),Friday,7.0,15,0.4666666666666667
2023-08-25,PM Service Delivery (3 PM-5 PM),Friday,7.0,15,0.4666666666666667
2023-08-25,PM Service Delivery (3 PM-5 PM),Friday,7.0,15,0.4666666666666667
2023-08-25,PM Service Delivery (3 PM-5 PM),Friday,7.0,15,0.4666666666666667
2023-08-25,PM Service Delivery (3 PM-5 PM),Friday,7.0,15,0.4666666666666667
2023-08-25,Pull-out AM (6 AM-7 AM),Friday,9.0,15,0.6
2023-08-25,Pull-out AM (6 AM-7 AM),Friday,9.0,15,0.6
2023-08-25,Pull-out AM (6 AM-7 AM),Friday,9.0,15,0.6
2023-08-25,Pull-out AM (6 AM-7 AM),Friday,9.0,15,0.6
2023-08-25,Pull-out AM (6 AM-7 AM),Friday,9.0,15,0.6
2023-08-25,Pull-out AM (6 AM-7 AM),Friday,9.0,15,0.6
2023-08-26,AM Service Delivery (7 AM-9 AM),Saturday,8.0,15,0.5333333333333333
2023-08-26,AM Service Delivery (7 AM-9 AM),Saturday,8.0,15,0.5333333333333333
2023-08-26,AM Service Delivery (7 AM-9 AM),Saturday,8.0,15,0.5333333333333333
2023-08-26,AM Service Delivery (7 AM-9 AM),Saturday,8.0,15,0.5333333333333333
2023-08-26,AM Service Delivery (7 AM-9 AM),Saturday,8.0,15,0.5333333333333333
2023-08-26,AM Service Delivery (7 AM-9 AM),Saturday,8.0,15,0.5333333333333333
2023-08-26,Night Service Delivery (9 PM onwards),Saturday,5.0,15,0.3333333333333333
2023-08-26,Night Service Delivery (9 PM onwards),Saturday,5.0,15,0.3333333333333333
2023-08-26,Night Service Delivery (9 PM onwards),Saturday,5.0,15,0.3333333333333333
2023-08-26,Night Service Delivery (9 PM onwards),Saturday,5.0,15,0.3333333333333333
2023-08-26,Night Service Delivery (9 PM onwards),Saturday,5.0,15,0.3333333333333333
2023-08-26,Night Service Delivery (9 PM onwards),Saturday,5.0,15,0.3333333333333333
2023-08-26,PM Service Delivery (3 PM-5 PM),Saturday,5.0,15,0.3333333333333333
2023-08-26,PM Service Delivery (3 PM-5 PM),Saturday,5.0,15,0.3333333333333333
2023-08-26,PM Service Delivery (3 PM-5 PM),Saturday,5.0,15,0.3333333333333333
2023-08-26,PM Service Delivery (3 PM-5 PM),Saturday,5.0,15,0.3333333333333333
2023-08-26,PM Service Delivery (3 PM-5 PM),Saturday,5.0,15,0.3333333333333333
2023-08-26,PM Service Delivery (3 PM-5 PM),Saturday,5.0,15,0.3333333333333333
2023-08-26,Pull-out AM (6 AM-7 AM),Saturday,6.0,15,0.4
2023-08-26,Pull-out AM (6 AM-7 AM),Saturday,6.0,15,0.4
2023-08-26,Pull-out AM (6 AM-7 AM),Saturday,6.0,15,0.4
2023-08-26,Pull-out AM (6 AM-7 AM),Saturday,6.0,15,0.4
2023-08-26,Pull-out AM (6 AM-7 AM),Saturday,6.0,15,0.4
2023-08-26,Pull-out AM (6 AM-7 AM),Saturday,6.0,15,0.4
2023-08-27,AM Service Delivery (7 AM-9 AM),Sunday,10.0,15,0.6666666666666666
2023-08-27,AM Service Delivery (7 AM-9 AM),Sunday,10.0,15,0.6666666666666666
2023-08-27,AM Service Delivery (7 AM-9 AM),Sunday,10.0,15,0.6666666666666666
2023-08-27,AM Service Delivery (7 AM-9 AM),Sunday,10.0,15,0.6666666666666666
2023-08-27,AM Service Delivery (7 AM-9 AM),Sunday,10.0,15,0.6666666666666666
2023-08-27,AM Service Delivery (7 AM-9 AM),Sunday,10.0,15,0.6666666666666666
2023-08-27,Night Service Delivery (9 PM onwards),Sunday,9.0,15,0.6
2023-08-27,Night Service Delivery (9 PM onwards),Sunday,9.0,15,0.6
2023-08-27,Night Service Delivery (9 PM onwards),Sunday,9.0,15,0.6
2023-08-27,Night Service Delivery (9 PM onwards),Sunday,9.0,15,0.6
2023-08-27,Night Service Delivery (9 PM onwards),Sunday,9.0,15,0.6
2023-08-27,Night Service Delivery (9 PM onwards),Sunday,9.0,15,0.6
2023-08-27,PM Service Delivery (3 PM-5 PM),Sunday,9.0,15,0.6
2023-08-27,PM Service Delivery (3 PM-5 PM),Sunday,9.0,15,0.6
2023-08-27,PM Service Delivery (3 PM-5 PM),Sunday,9.0,15,0.6
2023-08-27,PM Service Delivery (3 PM-5 PM),Sunday,9.0,15,0.6
2023-08-27,PM Service Delivery (3 PM-5 PM),Sunday,9.0,15,0.6
2023-08-27,PM Service Delivery (3 PM-5 PM),Sunday,9.0,15,0.6
2023-08-27,Pull-out AM (6 AM-7 AM),Sunday,14.0,15,0.9333333333333333
2023-08-27,Pull-out AM (6 AM-7 AM),Sunday,14.0,15,0.9333333333333333
2023-08-27,Pull-out AM (6 AM-7 AM),Sunday,14.0,15,0.9333333333333333
2023-08-27,Pull-out AM (6 AM-7 AM),Sunday,14.0,15,0.9333333333333333
2023-08-27,Pull-out AM (6 AM-7 AM),Sunday,14.0,15,0.9333333333333333
2023-08-27,Pull-out AM (6 AM-7 AM),Sunday,14.0,15,0.9333333333333333
2023-08-28,AM Service Delivery (7 AM-9 AM),Monday-Thursday,8.0,15,0.5333333333333333
2023-08-28,AM Service Delivery (7 AM-9 AM),Monday-Thursday,8.0,15,0.5333333333333333
2023-08-28,AM Service Delivery (7 AM-9 AM),Monday-Thursday,8.0,15,0.5333333333333333
2023-08-28,AM Service Delivery (7 AM-9 AM),Monday-Thursday,8.0,15,0.5333333333333333
2023-08-28,AM Service Delivery (7 AM-9 AM),Monday-Thursday,8.0,15,0.5333333333333333
2023-08-28,AM Service Delivery (7 AM-9 AM),Monday-Thursday,8.0,15,0.5333333333333333
2023-08-28,PM Service Delivery (3 PM-5 PM),Monday-Thursday,8.0,15,0.5333333333333333
2023-08-28,PM Service Delivery (3 PM-5 PM),Monday-Thursday,8.0,15,0.5333333333333333
2023-08-28,PM Service Delivery (3 PM-5 PM),Monday-Thursday,8.0,15,0.5333333333333333
2023-08-28,PM Service Delivery (3 PM-5 PM),Monday-Thursday,8.0,15,0.5333333333333333
2023-08-28,PM Service Delivery (3 PM-5 PM),Monday-Thursday,8.0,15,0.5333333333333333
2023-08-28,PM Service Delivery (3 PM-5 PM),Monday-Thursday,8.0,15,0.5333333333333333
2023-08-28,Pull-out AM (6 AM-7 AM),Monday-Thursday,10.0,15,0.6666666666666666
2023-08-28,Pull-out AM (6 AM-7 AM),Monday-Thursday,10.0,15,0.6666666666666666
2023-08-28,Pull-out AM (6 AM-7 AM),Monday-Thursday,10.0,15,0.6666666666666666
2023-08-28,Pull-out AM (6 AM-7 AM),Monday-Thursday,10.0,15,0.6666666666666666
2023-08-28,Pull-out AM (6 AM-7 AM),Monday-Thursday,10.0,15,0.6666666666666666
2023-08-28,Pull-out AM (6 AM-7 AM),Monday-Thursday,10.0,15,0.6666666666666666
2023-08-29,AM Service Delivery (7 AM-9 AM),Monday-Thursday,8.0,15,0.5333333333333333
2023-08-29,AM Service Delivery (7 AM-9 AM),Monday-Thursday,8.0,15,0.5333333333333333
2023-08-29,AM Service Delivery (7 AM-9 AM),Monday-Thursday,8.0,15,0.5333333333333333
2023-08-29,AM Service Delivery (7 AM-9 AM),Monday-Thursday,8.0,15,0.5333333333333333
2023-08-29,AM Service Delivery (7 AM-9 AM),Monday-Thursday,8.0,15,0.5333333333333333
2023-08-29,AM Service Delivery (7 AM-9 AM),Monday-Thursday,8.0,15,0.5333333333333333
2023-08-29,Night Service Delivery (9 PM onwards),Monday-Thursday,7.0,15,0.4666666666666667
2023-08-29,Night Service Delivery (9 PM onwards),Monday-Thursday,7.0,15,0.4666666666666667
2023-08-29,Night Service Delivery (9 PM onwards),Monday-Thursday,7.0,15,0.4666666666666667
2023-08-29,Night Service Delivery (9 PM onwards),Monday-Thursday,7.0,15,0.4666666666666667
2023-08-29,Night Service Delivery (9 PM onwards),Monday-Thursday,7.0,15,0.4666666666666667
2023-08-29,Night Service Delivery (9 PM onwards),Monday-Thursday,7.0,15,0.4666666666666667
2023-08-29,PM Service Delivery (3 PM-5 PM),Monday-Thursday,7.0,15,0.4666666666666667
2023-08-29,PM Service Delivery (3 PM-5 PM),Monday-Thursday,7.0,15,0.4666666666666667
2023-08-29,PM Service Delivery (3 PM-5 PM),Monday-Thursday,7.0,15,0.4666666666666667
2023-08-29,PM Service Delivery (3 PM-5 PM),Monday-Thursday,7.0,15,0.4666666666666667
2023-08-29,PM Service Delivery (3 PM-5 PM),Monday-Thursday,7.0,15,0.4666666666666667
2023-08-29,PM Service Delivery (3 PM-5 PM),Monday-Thursday,7.0,15,0.4666666666666667
2023-08-29,Pull-out AM (6 AM-7 AM),Monday-Thursday,14.0,15,0.9333333333333333
2023-08-29,Pull-out AM (6 AM-7 AM),Monday-Thursday,14.0,15,0.9333333333333333
2023-08-29,Pull-out AM (6 AM-7 AM),Monday-Thursday,14.0,15,0.9333333333333333
2023-08-29,Pull-out AM (6 AM-7 AM),Monday-Thursday,14.0,15,0.9333333333333333
2023-08-29,Pull-out AM (6 AM-7 AM),Monday-Thursday,14.0,15,0.9333333333333333
2023-08-29,Pull-out AM (6 AM-7 AM),Monday-Thursday,14.0,15,0.9333333333333333
2023-08-30,AM Service Delivery (7 AM-9 AM),Monday-Thursday,4.0,15,0.26666666666666666
2023-08-30,AM Service Delivery (7 AM-9 AM),Monday-Thursday,4.0,15,0.26666666666666666
2023-08-30,AM Service Delivery (7 AM-9 AM),Monday-Thursday,4.0,15,0.26666666666666666
2023-08-30,AM Service Delivery (7 AM-9 AM),Monday-Thursday,4.0,15,0.26666666666666666
2023-08-30,AM Service Delivery (7 AM-9 AM),Monday-Thursday,4.0,15,0.26666666666666666
2023-08-30,AM Service Delivery (7 AM-9 AM),Monday-Thursday,4.0,15,0.26666666666666666
2023-08-30,Night Service Delivery (9 PM onwards),Monday-Thursday,9.0,15,0.6
2023-08-30,Night Service Delivery (9 PM onwards),Monday-Thursday,9.0,15,0.6
2023-08-30,Night Service Delivery (9 PM onwards),Monday-Thursday,9.0,15,0.6
2023-08-30,Night Service Delivery (9 PM onwards),Monday-Thursday,9.0,15,0.6
2023-08-30,Night Service Delivery (9 PM onwards),Monday-Thursday,9.0,15,0.6
2023-08-30,Night Service Delivery (9 PM onwards),Monday-Thursday,9.0,15,0.6
2023-08-30,PM Service Delivery (3 PM-5 PM),Monday-Thursday,8.0,15,0.5333333333333333
2023-08-30,PM Service Delivery (3 PM-5 PM),Monday-Thursday,8.0,15,0.5333333333333333
2023-08-30,PM Service Delivery (3 PM-5 PM),Monday-Thursday,8.0,15,0.5333333333333333
2023-08-30,PM Service Delivery (3 PM-5 PM),Monday-Thursday,8.0,15,0.5333333333333333
2023-08-30,PM Service Delivery (3 PM-5 PM),Monday-Thursday,8.0,15,0.5333333333333333
2023-08-30,PM Service Delivery (3 PM-5 PM),Monday-Thursday,8.0,15,0.5333333333333333
2023-08-30,Pull-out AM (6 AM-7 AM),Monday-Thursday,11.0,15,0.7333333333333333
2023-08-30,Pull-out AM (6 AM-7 AM),Monday-Thursday,11.0,15,0.7333333333333333
2023-08-30,Pull-out AM (6 AM-7 AM),Monday-Thursday,11.0,15,0.7333333333333333
2023-08-30,Pull-out AM (6 AM-7 AM),Monday-Thursday,11.0,15,0.7333333333333333
2023-08-30,Pull-out AM (6 AM-7 AM),Monday-Thursday,11.0,15,0.7333333333333333
2023-08-30,Pull-out AM (6 AM-7 AM),Monday-Thursday,11.0,15,0.7333333333333333
2023-08-31,AM Service Delivery (7 AM-9 AM),Monday-Thursday,9.0,15,0.6
2023-08-31,AM Service Delivery (7 AM-9 AM),Monday-Thursday,9.0,15,0.6
2023-08-31,AM Service Delivery (7 AM-9 AM),Monday-Thursday,9.0,15,0.6
2023-08-31,AM Service Delivery (7 AM-9 AM),Monday-Thursday,9.0,15,0.6
2023-08-31,AM Service Delivery (7 AM-9 AM),Monday-Thursday,9.0,15,0.6
2023-08-31,AM Service Delivery (7 AM-9 AM),Monday-Thursday,9.0,15,0.6
2023-08-31,Night Service Delivery (9 PM onwards),Monday-Thursday,9.0,15,0.6
2023-08-31,Night Service Delivery (9 PM onwards),Monday-Thursday,9.0,15,0.6
2023-08-31,Night Service Delivery (9 PM onwards),Monday-Thursday,9.0,15,0.6
2023-08-31,Night Service Delivery (9 PM onwards),Monday-Thursday,9.0,15,0.6
2023-08-31,Night Service Delivery (9 PM onwards),Monday-Thursday,9.0,15,0.6
2023-08-31,Night Service Delivery (9 PM onwards),Monday-Thursday,9.0,15,0.6
2023-08-31,PM Service Delivery (3 PM-5 PM),Monday-Thursday,8.0,15,0.5333333333333333
2023-08-31,PM Service Delivery (3 PM-5 PM),Monday-Thursday,8.0,15,0.5333333333333333
2023-08-31,PM Service Delivery (3 PM-5 PM),Monday-Thursday,8.0,15,0.5333333333333333
2023-08-31,PM Service Delivery (3 PM-5 PM),Monday-Thursday,8.0,15,0.5333333333333333
2023-08-31,PM Service Delivery (3 PM-5 PM),Monday-Thursday,8.0,15,0.5333333333333333
2023-08-31,PM Service Delivery (3 PM-5 PM),Monday-Thursday,8.0,15,0.5333333333333333
2023-08-31,Pull-out AM (6 AM-7 AM),Monday-Thursday,11.0,15,0.7333333333333333
2023-08-31,Pull-out AM (6 AM-7 AM),Monday-Thursday,11.0,15,0.7333333333333333
2023-08-31,Pull-out AM (6 AM-7 AM),Monday-Thursday,11.0,15,0.7333333333333333
2023-08-31,Pull-out AM (6 AM-7 AM),Monday-Thursday,11.0,15,0.7333333333333333
2023-08-31,Pull-out AM (6 AM-7 AM),Monday-Thursday,11.0,15,0.7333333333333333
2023-08-31,Pull-out AM (6 AM-7 AM),Monday-Thursday,11.0,15,0.7333333333333333
2023-09-01,AM Service Delivery (7 AM-9 AM),Friday,9.0,15,0.6
2023-09-01,AM Service Delivery (7 AM-9 AM),Friday,9.0,15,0.6
2023-09-01,AM Service Delivery (7 AM-9 AM),Friday,9.0,15,0.6
2023-09-01,AM Service Delivery (7 AM-9 AM),Friday,9.0,15,0.6
2023-09-01,AM Service Delivery (7 AM-9 AM),Friday,9.0,15,0.6
2023-09-01,AM Service Delivery (7 AM-9 AM),Friday,9.0,15,0.6
2023-09-01,Night Service Delivery (9 PM onwards),Friday,7.0,15,0.4666666666666667
2023-09-01,Night Service Delivery (9 PM onwards),Friday,7.0,15,0.4666666666666667
2023-09-01,Night Service Delivery (9 PM onwards),Friday,7.0,15,0.4666666666666667
2023-09-01,Night Service Delivery (9 PM onwards),Friday,7.0,15,0.4666666666666667
2023-09-01,Night Service Delivery (9 PM onwards),Friday,7.0,15,0.4666666666666667
2023-09-01,Night Service Delivery (9 PM onwards),Friday,7.0,15,0.4666666666666667
2023-09-01,Pull-out AM (6 AM-7 AM),Friday,10.0,15,0.6666666666666666
2023-09-01,Pull-out AM (6 AM-7 AM),Friday,10.0,15,0.6666666666666666
2023-09-01,Pull-out AM (6 AM-7 AM),Friday,10.0,15,0.6666666666666666
2023-09-01,Pull-out AM (6 AM-7 AM),Friday,10.0,15,0.6666666666666666
2023-09-01,Pull-out AM (6 AM-7 AM),Friday,10.0,15,0.6666666666666666
2023-09-01,Pull-out AM (6 AM-7 AM),Friday,10.0,15,0.6666666666666666
2023-09-02,AM Service Delivery (7 AM-9 AM),Saturday,11.0,15,0.7333333333333333
2023-09-02,AM Service Delivery (7 AM-9 AM),Saturday,11.0,15,0.7333333333333333
2023-09-02,AM Service Delivery (7 AM-9 AM),Saturday,11.0,15,0.7333333333333333
2023-09-02,AM Service Delivery (7 AM-9 AM),Saturday,11.0,15,0.7333333333333333
2023-09-02,AM Service Delivery (7 AM-9 AM),Saturday,11.0,15,0.7333333333333333
2023-09-02,AM Service Delivery (7 AM-9 AM),Saturday,11.0,15,0.7333333333333333
2023-09-02,Night Service Delivery (9 PM onwards),Saturday,9.0,15,0.6
2023-09-02,Night Service Delivery (9 PM onwards),Saturday,9.0,15,0.6
2023-09-02,Night Service Delivery (9 PM onwards),Saturday,9.0,15,0.6
2023-09-02,Night Service Delivery (9 PM onwards),Saturday,9.0,15,0.6
2023-09-02,Night Service Delivery (9 PM onwards),Saturday,9.0,15,0.6
2023-09-02,Night Service Delivery (9 PM onwards),Saturday,9.0,15,0.6
2023-09-02,PM Service Delivery (3 PM-5 PM),Saturday,3.0,15,0.2
2023-09-02,PM Service Delivery (3 PM-5 PM),Saturday,3.0,15,0.2
2023-09-02,PM Service Delivery (3 PM-5 PM),Saturday,3.0,15,0.2
2023-09-02,PM Service Delivery (3 PM-5 PM),Saturday,3.0,15,0.2
2023-09-02,PM Service Delivery (3 PM-5 PM),Saturday,3.0,15,0.2
2023-09-02,PM Service Delivery (3 PM-5 PM),Saturday,3.0,15,0.2
2023-09-02,Pull-out AM (6 AM-7 AM),Saturday,14.0,15,0.9333333333333333
2023-09-02,Pull-out AM (6 AM-7 AM),Saturday,14.0,15,0.9333333333333333
2023-09-02,Pull-out AM (6 AM-7 AM),Saturday,14.0,15,0.9333333333333333
2023-09-02,Pull-out AM (6 AM-7 AM),Saturday,14.0,15,0.9333333333333333
2023-09-02,Pull-out AM (6 AM-7 AM),Saturday,14.0,15,0.9333333333333333
2023-09-02,Pull-out AM (6 AM-7 AM),Saturday,14.0,15,0.9333333333333333
2023-09-03,AM Service Delivery (7 AM-9 AM),Sunday,5.0,15,0.3333333333333333
2023-09-03,AM Service Delivery (7 AM-9 AM),Sunday,5.0,15,0.3333333333333333
2023-09-03,AM Service Delivery (7 AM-9 AM),Sunday,5.0,15,0.3333333333333333
2023-09-03,AM Service Delivery (7 AM-9 AM),Sunday,5.0,15,0.3333333333333333
2023-09-03,AM Service Delivery (7 AM-9 AM),Sunday,5.0,15,0.3333333333333333
2023-09-03,AM Service Delivery (7 AM-9 AM),Sunday,5.0,15,0.3333333333333333
2023-09-03,Night Service Delivery (9 PM onwards),Sunday,10.0,15,0.6666666666666666
2023-09-03,Night Service Delivery (9 PM onwards),Sunday,10.0,15,0.6666666666666666
2023-09-03,Night Service Delivery (9 PM onwards),Sunday,10.0,15,0.6666666666666666
2023-09-03,Night Service Delivery (9 PM onwards),Sunday,10.0,15,0.6666666666666666
2023-09-03,Night Service Delivery (9 PM onwards),Sunday,10.0,15,0.6666666666666666
2023-09-03,Night Service Delivery (9 PM onwards),Sunday,10.0,15,0.6666666666666666
2023-09-03,PM Service Delivery (3 PM-5 PM),Sunday,4.0,15,0.26666666666666666
2023-09-03,PM Service Delivery (3 PM-5 PM),Sunday,4.0,15,0.26666666666666666
2023-09-03,PM Service Delivery (3 PM-5 PM),Sunday,4.0,15,0.26666666666666666
2023-09-03,PM Service Delivery (3 PM-5 PM),Sunday,4.0,15,0.26666666666666666
2023-09-03,PM Service Delivery (3 PM-5 PM),Sunday,4.0,15,0.26666666666666666
2023-09-03,PM Service Delivery (3 PM-5 PM),Sunday,4.0,15,0.26666666666666666
2023-09-03,Pull-out AM (6 AM-7 AM),Sunday,12.0,15,0.8
2023-09-03,Pull-out AM (6 AM-7 AM),Sunday,12.0,15,0.8
2023-09-03,Pull-out AM (6 AM-7 AM),Sunday,12.0,15,0.8
2023-09-03,Pull-out AM (6 AM-7 AM),Sunday,12.0,15,0.8
2023-09-03,Pull-out AM (6 AM-7 AM),Sunday,12.0,15,0.8
2023-09-03,Pull-out AM (6 AM-7 AM),Sunday,12.0,15,0.8
2023-09-04,AM Service Delivery (7 AM-9 AM),Monday-Thursday,5.0,15,0.3333333333333333
2023-09-04,AM Service Delivery (7 AM-9 AM),Monday-Thursday,5.0,15,0.3333333333333333
2023-09-04,AM Service Delivery (7 AM-9 AM),Monday-Thursday,5.0,15,0.3333333333333333
2023-09-04,AM Service Delivery (7 AM-9 AM),Monday-Thursday,5.0,15,0.3333333333333333
2023-09-04,AM Service Delivery (7 AM-9 AM),Monday-Thursday,5.0,15,0.3333333333333333
2023-09-04,AM Service Delivery (7 AM-9 AM),Monday-Thursday,5.0,15,0.3333333333333333
2023-09-04,PM Service Delivery (3 PM-5 PM),Monday-Thursday,10.0,15,0.6666666666666666
2023-09-04,PM Service Delivery (3 PM-5 PM),Monday-Thursday,10.0,15,0.6666666666666666
2023-09-04,PM Service Delivery (3 PM-5 PM),Monday-Thursday,10.0,15,0.6666666666666666
2023-09-04,PM Service Delivery (3 PM-5 PM),Monday-Thursday,10.0,15,0.6666666666666666
2023-09-04,PM Service Delivery (3 PM-5 PM),Monday-Thursday,10.0,15,0.6666666666666666
2023-09-04,PM Service Delivery (3 PM-5 PM),Monday-Thursday,10.0,15,0.6666666666666666
2023-09-04,Pull-out AM (6 AM-7 AM),Monday-Thursday,10.0,15,0.6666666666666666
2023-09-04,Pull-out AM (6 AM-7 AM),Monday-Thursday,10.0,15,0.6666666666666666
2023-09-04,Pull-out AM (6 AM-7 AM),Monday-Thursday,10.0,15,0.6666666666666666
2023-09-04,Pull-out AM (6 AM-7 AM),Monday-Thursday,10.0,15,0.6666666666666666
2023-09-04,Pull-out AM (6 AM-7 AM),Monday-Thursday,10.0,15,0.6666666666666666
2023-09-04,Pull-out AM (6 AM-7 AM),Monday-Thursday,10.0,15,0.6666666666666666
2023-09-05,AM Service Delivery (7 AM-9 AM),Monday-Thursday,4.0,15,0.26666666666666666
2023-09-05,AM Service Delivery (7 AM-9 AM),Monday-Thursday,4.0,15,0.26666666666666666
2023-09-05,AM Service Delivery (7 AM-9 AM),Monday-Thursday,4.0,15,0.26666666666666666
2023-09-05,AM Service Delivery (7 AM-9 AM),Monday-Thursday,4.0,15,0.26666666666666666
2023-09-05,AM Service Delivery (7 AM-9 AM),Monday-Thursday,4.0,15,0.26666666666666666
2023-09-05,AM Service Delivery (7 AM-9 AM),Monday-Thursday,4.0,15,0.26666666666666666
2023-09-05,PM Service Delivery (3 PM-5 PM),Monday-Thursday,9.0,15,0.6
2023-09-05,PM Service Delivery (3 PM-5 PM),Monday-Thursday,9.0,15,0.6
2023-09-05,PM Service Delivery (3 PM-5 PM),Monday-Thursday,9.0,15,0.6
2023-09-05,PM Service Delivery (3 PM-5 PM),Monday-Thursday,9.0,15,0.6
2023-09-05,PM Service Delivery (3 PM-5 PM),Monday-Thursday,9.0,15,0.6
2023-09-05,PM Service Delivery (3 PM-5 PM),Monday-Thursday,9.0,15,0.6
2023-09-05,Pull-out AM (6 AM-7 AM),Monday-Thursday,11.0,15,0.7333333333333333
2023-09-05,Pull-out AM (6 AM-7 AM),Monday-Thursday,11.0,15,0.7333333333333333
2023-09-05,Pull-out AM (6 AM-7 AM),Monday-Thursday,11.0,15,0.7333333333333333
2023-09-05,Pull-out AM (6 AM-7 AM),Monday-Thursday,11.0,15,0.7333333333333333
2023-09-05,Pull-out AM (6 AM-7 AM),Monday-Thursday,11.0,15,0.7333333333333333
2023-09-05,Pull-out AM (6 AM-7 AM),Monday-Thursday,11.0,15,0.7333333333333333
2023-09-06,AM Service Delivery (7 AM-9 AM),Monday-Thursday,9.0,15,0.6
2023-09-06,AM Service Delivery (7 AM-9 AM),Monday-Thursday,9.0,15,0.6
2023-09-06,AM Service Delivery (7 AM-9 AM),Monday-Thursday,9.0,15,0.6
2023-09-06,AM Service Delivery (7 AM-9 AM),Monday-Thursday,9.0,15,0.6
2023-09-06,AM Service Delivery (7 AM-9 AM),Monday-Thursday,9.0,15,0.6
2023-09-06,AM Service Delivery (7 AM-9 AM),Monday-Thursday,9.0,15,0.6
2023-09-06,Night Service Delivery (9 PM onwards),Monday-Thursday,10.0,15,0.6666666666666666
2023-09-06,Night Service Delivery (9 PM onwards),Monday-Thursday,10.0,15,0.6666666666666666
2023-09-06,Night Service Delivery (9 PM onwards),Monday-Thursday,10.0,15,0.6666666666666666
2023-09-06,Night Service Delivery (9 PM onwards),Monday-Thursday,10.0,15,0.6666666666666666
2023-09-06,Night Service Delivery (9 PM onwards),Monday-Thursday,10.0,15,0.6666666666666666
2023-09-06,Night Service Delivery (9 PM onwards),Monday-Thursday,10.0,15,0.6666666666666666
2023-09-06,PM Service Delivery (3 PM-5 PM),Monday-Thursday,10.0,15,0.6666666666666666
2023-09-06,PM Service Delivery (3 PM-5 PM),Monday-Thursday,10.0,15,0.6666666666666666
2023-09-06,PM Service Delivery (3 PM-5 PM),Monday-Thursday,10.0,15,0.6666666666666666
2023-09-06,PM Service Delivery (3 PM-5 PM),Monday-Thursday,10.0,15,0.6666666666666666
2023-09-06,PM Service Delivery (3 PM-5 PM),Monday-Thursday,10.0,15,0.6666666666666666
2023-09-06,PM Service Delivery (3 PM-5 PM),Monday-Thursday,10.0,15,0.6666666666666666
2023-09-06,Pull-out AM (6 AM-7 AM),Monday-Thursday,12.0,15,0.8
2023-09-06,Pull-out AM (6 AM-7 AM),Monday-Thursday,12.0,15,0.8
2023-09-06,Pull-out AM (6 AM-7 AM),Monday-Thursday,12.0,15,0.8
2023-09-06,Pull-out AM (6 AM-7 AM),Monday-Thursday,12.0,15,0.8
2023-09-06,Pull-out AM (6 AM-7 AM),Monday-Thursday,12.0,15,0.8
2023-09-06,Pull-out AM (6 AM-7 AM),Monday-Thursday,12.0,15,0.8
2023-09-07,AM Service Delivery (7 AM-9 AM),Monday-Thursday,8.0,15,0.5333333333333333
2023-09-07,AM Service Delivery (7 AM-9 AM),Monday-Thursday,8.0,15,0.5333333333333333
2023-09-07,AM Service Delivery (7 AM-9 AM),Monday-Thursday,8.0,15,0.5333333333333333
2023-09-07,AM Service Delivery (7 AM-9 AM),Monday-Thursday,8.0,15,0.5333333333333333
2023-09-07,AM Service Delivery (7 AM-9 AM),Monday-Thursday,8.0,15,0.5333333333333333
2023-09-07,AM Service Delivery (7 AM-9 AM),Monday-Thursday,8.0,15,0.5333333333333333
2023-09-07,Night Service Delivery (9 PM onwards),Monday-Thursday,11.0,15,0.7333333333333333
2023-09-07,Night Service Delivery (9 PM onwards),Monday-Thursday,11.0,15,0.7333333333333333
2023-09-07,Night Service Delivery (9 PM onwards),Monday-Thursday,11.0,15,0.7333333333333333
2023-09-07,Night Service Delivery (9 PM onwards),Monday-Thursday,11.0,15,0.7333333333333333
2023-09-07,Night Service Delivery (9 PM onwards),Monday-Thursday,11.0,15,0.7333333333333333
2023-09-07,Night Service Delivery (9 PM onwards),Monday-Thursday,11.0,15,0.7333333333333333
2023-09-07,PM Service Delivery (3 PM-5 PM),Monday-Thursday,11.0,15,0.7333333333333333
2023-09-07,PM Service Delivery (3 PM-5 PM),Monday-Thursday,11.0,15,0.7333333333333333
2023-09-07,PM Service Delivery (3 PM-5 PM),Monday-Thursday,11.0,15,0.7333333333333333
2023-09-07,PM Service Delivery (3 PM-5 PM),Monday-Thursday,11.0,15,0.7333333333333333
2023-09-07,PM Service Delivery (3 PM-5 PM),Monday-Thursday,11.0,15,0.7333333333333333
2023-09-07,PM Service Delivery (3 PM-5 PM),Monday-Thursday,11.0,15,0.7333333333333333
2023-09-07,Pull-out AM (6 AM-7 AM),Monday-Thursday,9.0,15,0.6
2023-09-07,Pull-out AM (6 AM-7 AM),Monday-Thursday,9.0,15,0.6
2023-09-07,Pull-out AM (6 AM-7 AM),Monday-Thursday,9.0,15,0.6
2023-09-07,Pull-out AM (6 AM-7 AM),Monday-Thursday,9.0,15,0.6
2023-09-07,Pull-out AM (6 AM-7 AM),Monday-Thursday,9.0,15,0.6
2023-09-07,Pull-out AM (6 AM-7 AM),Monday-Thursday,9.0,15,0.6
2023-09-08,AM Service Delivery (7 AM-9 AM),Friday,9.0,15,0.6
2023-09-08,AM Service Delivery (7 AM-9 AM),Friday,9.0,15,0.6
2023-09-08,AM Service Delivery (7 AM-9 AM),Friday,9.0,15,0.6
2023-09-08,AM Service Delivery (7 AM-9 AM),Friday,9.0,15,0.6
2023-09-08,AM Service Delivery (7 AM-9 AM),Friday,9.0,15,0.6
2023-09-08,AM Service Delivery (7 AM-9 AM),Friday,9.0,15,0.6
2023-09-08,PM Service Delivery (3 PM-5 PM),Friday,9.0,15,0.6
2023-09-08,PM Service Delivery (3 PM-5 PM),Friday,9.0,15,0.6
2023-09-08,PM Service Delivery (3 PM-5 PM),Friday,9.0,15,0.6
2023-09-08,PM Service Delivery (3 PM-5 PM),Friday,9.0,15,0.6
2023-09-08,PM Service Delivery (3 PM-5 PM),Friday,9.0,15,0.6
2023-09-08,PM Service Delivery (3 PM-5 PM),Friday,9.0,15,0.6
2023-09-08,Pull-out AM (6 AM-7 AM),Friday,9.0,15,0.6
2023-09-08,Pull-out AM (6 AM-7 AM),Friday,9.0,15,0.6
2023-09-08,Pull-out AM (6 AM-7 AM),Friday,9.0,15,0.6
2023-09-08,Pull-out AM (6 AM-7 AM),Friday,9.0,15,0.6
2023-09-08,Pull-out AM (6 AM-7 AM),Friday,9.0,15,0.6
2023-09-08,Pull-out AM (6 AM-7 AM),Friday,9.0,15,0.6
2023-09-09,AM Service Delivery (7 AM-9 AM),Saturday,13.0,15,0.8666666666666667
2023-09-09,AM Service Delivery (7 AM-9 AM),Saturday,13.0,15,0.8666666666666667
2023-09-09,AM Service Delivery (7 AM-9 AM),Saturday,13.0,15,0.8666666666666667
2023-09-09,AM Service Delivery (7 AM-9 AM),Saturday,13.0,15,0.8666666666666667
2023-09-09,AM Service Delivery (7 AM-9 AM),Saturday,13.0,15,0.8666666666666667
2023-09-09,AM Service Delivery (7 AM-9 AM),Saturday,13.0,15,0.8666666666666667
2023-09-09,PM Service Delivery (3 PM-5 PM),Saturday,9.0,15,0.6
2023-09-09,PM Service Delivery (3 PM-5 PM),Saturday,9.0,15,0.6
2023-09-09,PM Service Delivery (3 PM-5 PM),Saturday,9.0,15,0.6
2023-09-09,PM Service Delivery (3 PM-5 PM),Saturday,9.0,15,0.6
2023-09-09,PM Service Delivery (3 PM-5 PM),Saturday,9.0,15,0.6
2023-09-09,PM Service Delivery (3 PM-5 PM),Saturday,9.0,15,0.6
2023-09-09,Pull-out AM (6 AM-7 AM),Saturday,13.0,15,0.8666666666666667
2023-09-09,Pull-out AM (6 AM-7 AM),Saturday,13.0,15,0.8666666666666667
2023-09-09,Pull-out AM (6 AM-7 AM),Saturday,13.0,15,0.8666666666666667
2023-09-09,Pull-out AM (6 AM-7 AM),Saturday,13.0,15,0.8666666666666667
2023-09-09,Pull-out AM (6 AM-7 AM),Saturday,13.0,15,0.8666666666666667
2023-09-09,Pull-out AM (6 AM-7 AM),Saturday,13.0,15,0.8666666666666667
